id,title,interpretation,partition,horizon,events,baseOrigins,positive_pct,median_return_pct,mean_return_pct,unconditional_positive_pct,unconditional_mean_return_pct,claim
above_ma5,收盘位于 MA5 上方,经验的收盘代理，不等于买入指令,all,1,391,724,47.570332480818415,-0.278688524590176,0.557391482134158,50.966850828729285,0.5389457519464231,描述条件后表现，不是完整策略收益或因果效应
above_ma5,收盘位于 MA5 上方,经验的收盘代理，不等于买入指令,all,2,391,723,47.05882352941176,-0.3601797185399769,0.8505394558599355,51.17565698478561,1.093036594682282,描述条件后表现，不是完整策略收益或因果效应
above_ma5,收盘位于 MA5 上方,经验的收盘代理，不等于买入指令,all,3,390,722,52.307692307692314,0.5124868090422008,1.4057137044270327,54.84764542936288,1.6518155922316808,描述条件后表现，不是完整策略收益或因果效应
above_ma5,收盘位于 MA5 上方,经验的收盘代理，不等于买入指令,all,4,389,721,52.44215938303341,0.7630963838856086,2.0855197162921844,54.36893203883495,2.2004122366692567,描述条件后表现，不是完整策略收益或因果效应
below_ma20,收盘位于 MA20 下方,禁做/观望过滤，不等于做空预测,all,1,285,724,54.385964912280706,0.5885433029636733,0.4734392222837663,50.966850828729285,0.5389457519464231,描述条件后表现，不是完整策略收益或因果效应
below_ma20,收盘位于 MA20 下方,禁做/观望过滤，不等于做空预测,all,2,284,723,53.52112676056338,0.9143498800094241,1.0625783100185793,51.17565698478561,1.093036594682282,描述条件后表现，不是完整策略收益或因果效应
below_ma20,收盘位于 MA20 下方,禁做/观望过滤，不等于做空预测,all,3,284,722,58.098591549295776,1.2920573619359277,1.6593462930518659,54.84764542936288,1.6518155922316808,描述条件后表现，不是完整策略收益或因果效应
below_ma20,收盘位于 MA20 下方,禁做/观望过滤，不等于做空预测,all,4,283,721,56.8904593639576,1.3483146067415852,2.1259656955192825,54.36893203883495,2.2004122366692567,描述条件后表现，不是完整策略收益或因果效应
ma5_ma10_falling,MA5 与 MA10 同时下降,可直接计算的禁做状态,all,1,199,724,56.78391959798995,0.7192982456140307,0.5367122959855826,50.966850828729285,0.5389457519464231,描述条件后表现，不是完整策略收益或因果效应
ma5_ma10_falling,MA5 与 MA10 同时下降,可直接计算的禁做状态,all,2,199,723,54.773869346733676,1.0230776417826881,1.0742610047541028,51.17565698478561,1.093036594682282,描述条件后表现，不是完整策略收益或因果效应
ma5_ma10_falling,MA5 与 MA10 同时下降,可直接计算的禁做状态,all,3,199,722,55.778894472361806,0.8928571428571397,0.8543580836662752,54.84764542936288,1.6518155922316808,描述条件后表现，不是完整策略收益或因果效应
ma5_ma10_falling,MA5 与 MA10 同时下降,可直接计算的禁做状态,all,4,199,721,55.27638190954774,1.3483146067415852,1.5006782413894888,54.36893203883495,2.2004122366692567,描述条件后表现，不是完整策略收益或因果效应
three_ma_rising,MA5/10/20 同时上升,将三个原子状态取交集是研究组合,all,1,265,724,45.660377358490564,-0.5361329925968827,0.43215094760855227,50.966850828729285,0.5389457519464231,描述条件后表现，不是完整策略收益或因果效应
three_ma_rising,MA5/10/20 同时上升,将三个原子状态取交集是研究组合,all,2,265,723,47.16981132075472,-0.3601797185399769,0.7679654710875733,51.17565698478561,1.093036594682282,描述条件后表现，不是完整策略收益或因果效应
three_ma_rising,MA5/10/20 同时上升,将三个原子状态取交集是研究组合,all,3,265,722,50.56603773584906,0.19401493327062536,0.9185052047152288,54.84764542936288,1.6518155922316808,描述条件后表现，不是完整策略收益或因果效应
three_ma_rising,MA5/10/20 同时上升,将三个原子状态取交集是研究组合,all,4,265,721,48.679245283018865,-0.21942226344244808,1.292526123368199,54.36893203883495,2.2004122366692567,描述条件后表现，不是完整策略收益或因果效应
double_high,最高价、最低价同时抬升,原文双高定义；持有纪律需另定,all,1,295,724,49.152542372881356,-0.19175455417066445,0.5527360638766468,50.966850828729285,0.5389457519464231,描述条件后表现，不是完整策略收益或因果效应
double_high,最高价、最低价同时抬升,原文双高定义；持有纪律需另定,all,2,295,723,49.49152542372882,0.0,1.0218610484606836,51.17565698478561,1.093036594682282,描述条件后表现，不是完整策略收益或因果效应
double_high,最高价、最低价同时抬升,原文双高定义；持有纪律需另定,all,3,294,722,53.40136054421769,0.9018161223199317,1.39449103972541,54.84764542936288,1.6518155922316808,描述条件后表现，不是完整策略收益或因果效应
double_high,最高价、最低价同时抬升,原文双高定义；持有纪律需另定,all,4,294,721,53.40136054421769,0.5836620643039026,2.009606916802978,54.36893203883495,2.2004122366692567,描述条件后表现，不是完整策略收益或因果效应
ma5_break,收盘跌破 MA5,以收盘确认破位的研究代理,all,1,98,724,50.0,0.061709573883661495,0.09602588388792649,50.966850828729285,0.5389457519464231,描述条件后表现，不是完整策略收益或因果效应
ma5_break,收盘跌破 MA5,以收盘确认破位的研究代理,all,2,97,723,59.79381443298969,1.1377447670492868,1.6468895051780823,51.17565698478561,1.093036594682282,描述条件后表现，不是完整策略收益或因果效应
ma5_break,收盘跌破 MA5,以收盘确认破位的研究代理,all,3,97,722,65.97938144329896,1.80111618467782,2.7542386237466743,54.84764542936288,1.6518155922316808,描述条件后表现，不是完整策略收益或因果效应
ma5_break,收盘跌破 MA5,以收盘确认破位的研究代理,all,4,97,721,56.70103092783505,1.012337138245134,2.806464876876376,54.36893203883495,2.2004122366692567,描述条件后表现，不是完整策略收益或因果效应
ma5_reclaim_ma20_up,重新站上 MA5 且 MA20 上升,代理采用当前 MA20 上升，并非严格首次拐头,all,1,57,724,59.64912280701754,0.6085423420349345,1.4851635688891185,50.966850828729285,0.5389457519464231,描述条件后表现，不是完整策略收益或因果效应
ma5_reclaim_ma20_up,重新站上 MA5 且 MA20 上升,代理采用当前 MA20 上升，并非严格首次拐头,all,2,57,723,42.10526315789473,-0.723203929862859,1.4296241870980904,51.17565698478561,1.093036594682282,描述条件后表现，不是完整策略收益或因果效应
ma5_reclaim_ma20_up,重新站上 MA5 且 MA20 上升,代理采用当前 MA20 上升，并非严格首次拐头,all,3,57,722,52.63157894736842,1.3293967571383902,1.4412995939435598,54.84764542936288,1.6518155922316808,描述条件后表现，不是完整策略收益或因果效应
ma5_reclaim_ma20_up,重新站上 MA5 且 MA20 上升,代理采用当前 MA20 上升，并非严格首次拐头,all,4,57,721,56.14035087719298,2.5892017080408225,2.809429957967073,54.36893203883495,2.2004122366692567,描述条件后表现，不是完整策略收益或因果效应
upper_touch_above_ma5,触及 BOLL 上轨且收盘守住 MA5,使用当日收盘后的轨道标记状态，不假定盘中提前成交,all,1,131,724,47.32824427480916,-0.5690944972233658,0.817495562637776,50.966850828729285,0.5389457519464231,描述条件后表现，不是完整策略收益或因果效应
upper_touch_above_ma5,触及 BOLL 上轨且收盘守住 MA5,使用当日收盘后的轨道标记状态，不假定盘中提前成交,all,2,131,723,49.61832061068702,0.00859416627991827,1.074232226580805,51.17565698478561,1.093036594682282,描述条件后表现，不是完整策略收益或因果效应
upper_touch_above_ma5,触及 BOLL 上轨且收盘守住 MA5,使用当日收盘后的轨道标记状态，不假定盘中提前成交,all,3,131,722,51.908396946564885,0.4557781595649457,1.3623397236603718,54.84764542936288,1.6518155922316808,描述条件后表现，不是完整策略收益或因果效应
upper_touch_above_ma5,触及 BOLL 上轨且收盘守住 MA5,使用当日收盘后的轨道标记状态，不假定盘中提前成交,all,4,131,721,49.61832061068702,0.08766049605526405,1.7449013783007543,54.36893203883495,2.2004122366692567,描述条件后表现，不是完整策略收益或因果效应
ma5_pullback_up,回踩上升 MA5 后收回,最低价触线且收盘在线上；不冒充已识别葛一,all,1,152,724,46.71052631578947,-0.24838259163825205,0.5803175633768115,50.966850828729285,0.5389457519464231,描述条件后表现，不是完整策略收益或因果效应
ma5_pullback_up,回踩上升 MA5 后收回,最低价触线且收盘在线上；不冒充已识别葛一,all,2,152,723,46.05263157894737,-0.6691522522798199,0.9431753385760695,51.17565698478561,1.093036594682282,描述条件后表现，不是完整策略收益或因果效应
ma5_pullback_up,回踩上升 MA5 后收回,最低价触线且收盘在线上；不冒充已识别葛一,all,3,151,722,55.62913907284768,0.9180371961300837,1.7800514212242249,54.84764542936288,1.6518155922316808,描述条件后表现，不是完整策略收益或因果效应
ma5_pullback_up,回踩上升 MA5 后收回,最低价触线且收盘在线上；不冒充已识别葛一,all,4,150,721,55.333333333333336,1.4907352374418315,2.778452550151615,54.36893203883495,2.2004122366692567,描述条件后表现，不是完整策略收益或因果效应
boll_opening_up,BOLL 向外张开且收盘在中轨上,技术代理，不等同完整三期开口定义,all,1,120,724,49.166666666666664,-0.26132906389028654,0.6631237963044887,50.966850828729285,0.5389457519464231,描述条件后表现，不是完整策略收益或因果效应
boll_opening_up,BOLL 向外张开且收盘在中轨上,技术代理，不等同完整三期开口定义,all,2,120,723,45.83333333333333,-0.287303314558629,0.7388666200644239,51.17565698478561,1.093036594682282,描述条件后表现，不是完整策略收益或因果效应
boll_opening_up,BOLL 向外张开且收盘在中轨上,技术代理，不等同完整三期开口定义,all,3,120,722,47.5,-0.36773821555362574,0.6675341194543893,54.84764542936288,1.6518155922316808,描述条件后表现，不是完整策略收益或因果效应
boll_opening_up,BOLL 向外张开且收盘在中轨上,技术代理，不等同完整三期开口定义,all,4,120,721,45.83333333333333,-0.979640471311638,0.5584399302960895,54.36893203883495,2.2004122366692567,描述条件后表现，不是完整策略收益或因果效应
below_lower,收盘低于 BOLL 下轨,位置状态，不附加自动抄底含义,all,1,22,724,63.63636363636363,1.6275236491878564,0.805186132916372,50.966850828729285,0.5389457519464231,描述条件后表现，不是完整策略收益或因果效应
below_lower,收盘低于 BOLL 下轨,位置状态，不附加自动抄底含义,all,2,22,723,63.63636363636363,2.4327191961516226,1.6049067442172635,51.17565698478561,1.093036594682282,描述条件后表现，不是完整策略收益或因果效应
below_lower,收盘低于 BOLL 下轨,位置状态，不附加自动抄底含义,all,3,22,722,72.72727272727273,2.728296704336286,3.73499741230578,54.84764542936288,1.6518155922316808,描述条件后表现，不是完整策略收益或因果效应
below_lower,收盘低于 BOLL 下轨,位置状态，不附加自动抄底含义,all,4,22,721,72.72727272727273,5.044587813876078,4.5547937862953525,54.36893203883495,2.2004122366692567,描述条件后表现，不是完整策略收益或因果效应
ma5_above_ma10_above_ma20,MA5 > MA10 > MA20,研究使用的均线排列代理,all,1,316,724,47.46835443037975,-0.24931540815924524,0.5086439965096381,50.966850828729285,0.5389457519464231,描述条件后表现，不是完整策略收益或因果效应
ma5_above_ma10_above_ma20,MA5 > MA10 > MA20,研究使用的均线排列代理,all,2,316,723,47.78481012658228,-0.2027708464099054,0.9900736045053957,51.17565698478561,1.093036594682282,描述条件后表现，不是完整策略收益或因果效应
ma5_above_ma10_above_ma20,MA5 > MA10 > MA20,研究使用的均线排列代理,all,3,316,722,52.21518987341772,0.46228562358245906,1.744799799311058,54.84764542936288,1.6518155922316808,描述条件后表现，不是完整策略收益或因果效应
ma5_above_ma10_above_ma20,MA5 > MA10 > MA20,研究使用的均线排列代理,all,4,316,721,51.89873417721519,0.4164801328001233,2.612149153979655,54.36893203883495,2.2004122366692567,描述条件后表现，不是完整策略收益或因果效应
above_ma5,收盘位于 MA5 上方,经验的收盘代理，不等于买入指令,holdout,1,123,241,41.46341463414634,-0.773366368786299,-0.3747314075386512,50.20746887966805,0.3112976486446538,描述条件后表现，不是完整策略收益或因果效应
above_ma5,收盘位于 MA5 上方,经验的收盘代理，不等于买入指令,holdout,2,123,240,44.71544715447154,-1.1532627038618792,-0.4130747882364726,50.416666666666664,0.6065577355971941,描述条件后表现，不是完整策略收益或因果效应
above_ma5,收盘位于 MA5 上方,经验的收盘代理，不等于买入指令,holdout,3,122,239,49.18032786885246,-0.22043628882668087,0.32031186608788564,53.13807531380753,0.9070542520229717,描述条件后表现，不是完整策略收益或因果效应
above_ma5,收盘位于 MA5 上方,经验的收盘代理，不等于买入指令,holdout,4,121,238,51.2396694214876,0.4454909719086464,0.7570859253045413,54.20168067226891,1.1909412333497782,描述条件后表现，不是完整策略收益或因果效应
below_ma20,收盘位于 MA20 下方,禁做/观望过滤，不等于做空预测,holdout,1,108,241,57.407407407407405,0.504702212148056,0.5490250516711146,50.20746887966805,0.3112976486446538,描述条件后表现，不是完整策略收益或因果效应
below_ma20,收盘位于 MA20 下方,禁做/观望过滤，不等于做空预测,holdout,2,107,240,50.467289719626166,0.7792617727712114,1.0303998662055458,50.416666666666664,0.6065577355971941,描述条件后表现，不是完整策略收益或因果效应
below_ma20,收盘位于 MA20 下方,禁做/观望过滤，不等于做空预测,holdout,3,107,239,56.074766355140184,0.5211604179070406,1.2984562236051491,53.13807531380753,0.9070542520229717,描述条件后表现，不是完整策略收益或因果效应
below_ma20,收盘位于 MA20 下方,禁做/观望过滤，不等于做空预测,holdout,4,106,238,58.490566037735846,1.0808301665600761,1.435109353039329,54.20168067226891,1.1909412333497782,描述条件后表现，不是完整策略收益或因果效应
ma5_ma10_falling,MA5 与 MA10 同时下降,可直接计算的禁做状态,holdout,1,71,241,60.56338028169014,0.660088191008823,0.9696559094678703,50.20746887966805,0.3112976486446538,描述条件后表现，不是完整策略收益或因果效应
ma5_ma10_falling,MA5 与 MA10 同时下降,可直接计算的禁做状态,holdout,2,71,240,57.74647887323944,1.3837418975425564,1.593414615411009,50.416666666666664,0.6065577355971941,描述条件后表现，不是完整策略收益或因果效应
ma5_ma10_falling,MA5 与 MA10 同时下降,可直接计算的禁做状态,holdout,3,71,239,56.33802816901409,0.324954976117775,0.8564489407222663,53.13807531380753,0.9070542520229717,描述条件后表现，不是完整策略收益或因果效应
ma5_ma10_falling,MA5 与 MA10 同时下降,可直接计算的禁做状态,holdout,4,71,238,59.154929577464785,1.495936475600912,1.287123988037827,54.20168067226891,1.1909412333497782,描述条件后表现，不是完整策略收益或因果效应
three_ma_rising,MA5/10/20 同时上升,将三个原子状态取交集是研究组合,holdout,1,77,241,41.55844155844156,-0.715221336067906,-0.23166827981935503,50.20746887966805,0.3112976486446538,描述条件后表现，不是完整策略收益或因果效应
three_ma_rising,MA5/10/20 同时上升,将三个原子状态取交集是研究组合,holdout,2,77,240,48.05194805194805,-0.5752636625119822,-0.03892419272478757,50.416666666666664,0.6065577355971941,描述条件后表现，不是完整策略收益或因果效应
three_ma_rising,MA5/10/20 同时上升,将三个原子状态取交集是研究组合,holdout,3,77,239,49.35064935064935,-0.17851051065181922,0.024807243886917293,53.13807531380753,0.9070542520229717,描述条件后表现，不是完整策略收益或因果效应
three_ma_rising,MA5/10/20 同时上升,将三个原子状态取交集是研究组合,holdout,4,77,238,49.35064935064935,-0.44387918248185443,-0.1095105604520416,54.20168067226891,1.1909412333497782,描述条件后表现，不是完整策略收益或因果效应
double_high,最高价、最低价同时抬升,原文双高定义；持有纪律需另定,holdout,1,100,241,38.0,-1.0274402106290936,-0.6030400717313171,50.20746887966805,0.3112976486446538,描述条件后表现，不是完整策略收益或因果效应
double_high,最高价、最低价同时抬升,原文双高定义；持有纪律需另定,holdout,2,100,240,45.0,-1.2969506468230085,-0.5232880273718867,50.416666666666664,0.6065577355971941,描述条件后表现，不是完整策略收益或因果效应
double_high,最高价、最低价同时抬升,原文双高定义；持有纪律需另定,holdout,3,99,239,48.484848484848484,-0.2623620670015425,-0.07159172366668475,53.13807531380753,0.9070542520229717,描述条件后表现，不是完整策略收益或因果效应
double_high,最高价、最低价同时抬升,原文双高定义；持有纪律需另定,holdout,4,99,238,52.52525252525253,0.47229751070565484,0.5583760206637095,54.20168067226891,1.1909412333497782,描述条件后表现，不是完整策略收益或因果效应
ma5_break,收盘跌破 MA5,以收盘确认破位的研究代理,holdout,1,38,241,50.0,0.061709573883661495,0.8453043812388091,50.20746887966805,0.3112976486446538,描述条件后表现，不是完整策略收益或因果效应
ma5_break,收盘跌破 MA5,以收盘确认破位的研究代理,holdout,2,37,240,62.16216216216216,2.5106452361392195,3.054828224104161,50.416666666666664,0.6065577355971941,描述条件后表现，不是完整策略收益或因果效应
ma5_break,收盘跌破 MA5,以收盘确认破位的研究代理,holdout,3,37,239,67.56756756756756,1.7222948093597923,3.125701186096118,53.13807531380753,0.9070542520229717,描述条件后表现，不是完整策略收益或因果效应
ma5_break,收盘跌破 MA5,以收盘确认破位的研究代理,holdout,4,37,238,59.45945945945946,1.5909416128831122,1.7310304143516198,54.20168067226891,1.1909412333497782,描述条件后表现，不是完整策略收益或因果效应
ma5_reclaim_ma20_up,重新站上 MA5 且 MA20 上升,代理采用当前 MA20 上升，并非严格首次拐头,holdout,1,21,241,47.61904761904761,-0.19175455417066445,0.19231443154189143,50.20746887966805,0.3112976486446538,描述条件后表现，不是完整策略收益或因果效应
ma5_reclaim_ma20_up,重新站上 MA5 且 MA20 上升,代理采用当前 MA20 上升，并非严格首次拐头,holdout,2,21,240,42.857142857142854,-0.5752636625119822,0.30522606438320166,50.416666666666664,0.6065577355971941,描述条件后表现，不是完整策略收益或因果效应
ma5_reclaim_ma20_up,重新站上 MA5 且 MA20 上升,代理采用当前 MA20 上升，并非严格首次拐头,holdout,3,21,239,57.14285714285714,1.3293967571383902,0.829017316457065,53.13807531380753,0.9070542520229717,描述条件后表现，不是完整策略收益或因果效应
ma5_reclaim_ma20_up,重新站上 MA5 且 MA20 上升,代理采用当前 MA20 上升，并非严格首次拐头,holdout,4,21,238,61.904761904761905,3.1596122778675184,3.2310746903612464,54.20168067226891,1.1909412333497782,描述条件后表现，不是完整策略收益或因果效应
upper_touch_above_ma5,触及 BOLL 上轨且收盘守住 MA5,使用当日收盘后的轨道标记状态，不假定盘中提前成交,holdout,1,39,241,38.46153846153847,-1.1036071445660323,-0.7604983653139082,50.20746887966805,0.3112976486446538,描述条件后表现，不是完整策略收益或因果效应
upper_touch_above_ma5,触及 BOLL 上轨且收盘守住 MA5,使用当日收盘后的轨道标记状态，不假定盘中提前成交,holdout,2,39,240,51.28205128205128,0.5333157298608171,-0.9297533464115734,50.416666666666664,0.6065577355971941,描述条件后表现，不是完整策略收益或因果效应
upper_touch_above_ma5,触及 BOLL 上轨且收盘守住 MA5,使用当日收盘后的轨道标记状态，不假定盘中提前成交,holdout,3,39,239,48.717948717948715,-0.17851051065181922,-0.8652523780292184,53.13807531380753,0.9070542520229717,描述条件后表现，不是完整策略收益或因果效应
upper_touch_above_ma5,触及 BOLL 上轨且收盘守住 MA5,使用当日收盘后的轨道标记状态，不假定盘中提前成交,holdout,4,39,238,48.717948717948715,-1.4191149460616392,-0.5074255760731565,54.20168067226891,1.1909412333497782,描述条件后表现，不是完整策略收益或因果效应
ma5_pullback_up,回踩上升 MA5 后收回,最低价触线且收盘在线上；不冒充已识别葛一,holdout,1,53,241,37.735849056603776,-1.0346423260200854,-0.3772513940033662,50.20746887966805,0.3112976486446538,描述条件后表现，不是完整策略收益或因果效应
ma5_pullback_up,回踩上升 MA5 后收回,最低价触线且收盘在线上；不冒充已识别葛一,holdout,2,53,240,39.62264150943396,-1.1646865366286119,-0.4135205679497119,50.416666666666664,0.6065577355971941,描述条件后表现，不是完整策略收益或因果效应
ma5_pullback_up,回踩上升 MA5 后收回,最低价触线且收盘在线上；不冒充已识别葛一,holdout,3,52,239,53.84615384615385,1.8464759417097798,0.9868388188959011,53.13807531380753,0.9070542520229717,描述条件后表现，不是完整策略收益或因果效应
ma5_pullback_up,回踩上升 MA5 后收回,最低价触线且收盘在线上；不冒充已识别葛一,holdout,4,51,238,56.86274509803921,1.7590004931777203,1.5354215191945766,54.20168067226891,1.1909412333497782,描述条件后表现，不是完整策略收益或因果效应
boll_opening_up,BOLL 向外张开且收盘在中轨上,技术代理，不等同完整三期开口定义,holdout,1,37,241,54.054054054054056,0.8735704613907158,0.5553518212253565,50.20746887966805,0.3112976486446538,描述条件后表现，不是完整策略收益或因果效应
boll_opening_up,BOLL 向外张开且收盘在中轨上,技术代理，不等同完整三期开口定义,holdout,2,37,240,51.35135135135135,0.5333157298608171,-0.08904167377547197,50.416666666666664,0.6065577355971941,描述条件后表现，不是完整策略收益或因果效应
boll_opening_up,BOLL 向外张开且收盘在中轨上,技术代理，不等同完整三期开口定义,holdout,3,37,239,48.64864864864865,-0.17851051065181922,-0.3432097200660304,53.13807531380753,0.9070542520229717,描述条件后表现，不是完整策略收益或因果效应
boll_opening_up,BOLL 向外张开且收盘在中轨上,技术代理，不等同完整三期开口定义,holdout,4,37,238,48.64864864864865,-2.0601249505354247,-0.2925995245114646,54.20168067226891,1.1909412333497782,描述条件后表现，不是完整策略收益或因果效应
below_lower,收盘低于 BOLL 下轨,位置状态，不附加自动抄底含义,holdout,1,5,241,60.0,0.20146520146520075,-0.7108677600296365,50.20746887966805,0.3112976486446538,描述条件后表现，不是完整策略收益或因果效应
below_lower,收盘低于 BOLL 下轨,位置状态，不附加自动抄底含义,holdout,2,5,240,40.0,-1.8908120593066569,-1.2163138061897238,50.416666666666664,0.6065577355971941,描述条件后表现，不是完整策略收益或因果效应
below_lower,收盘低于 BOLL 下轨,位置状态，不附加自动抄底含义,holdout,3,5,239,60.0,2.2157505505304487,3.4966575463016714,53.13807531380753,0.9070542520229717,描述条件后表现，不是完整策略收益或因果效应
below_lower,收盘低于 BOLL 下轨,位置状态，不附加自动抄底含义,holdout,4,5,238,80.0,5.2278388278388155,4.854331124571513,54.20168067226891,1.1909412333497782,描述条件后表现，不是完整策略收益或因果效应
ma5_above_ma10_above_ma20,MA5 > MA10 > MA20,研究使用的均线排列代理,holdout,1,98,241,42.857142857142854,-0.6675689094904125,-0.07375802772033925,50.20746887966805,0.3112976486446538,描述条件后表现，不是完整策略收益或因果效应
ma5_above_ma10_above_ma20,MA5 > MA10 > MA20,研究使用的均线排列代理,holdout,2,98,240,46.93877551020408,-0.2643343131941034,-0.015178608951841718,50.416666666666664,0.6065577355971941,描述条件后表现，不是完整策略收益或因果效应
ma5_above_ma10_above_ma20,MA5 > MA10 > MA20,研究使用的均线排列代理,holdout,3,98,239,50.0,0.04189863719012976,0.20633792585327032,53.13807531380753,0.9070542520229717,描述条件后表现，不是完整策略收益或因果效应
ma5_above_ma10_above_ma20,MA5 > MA10 > MA20,研究使用的均线排列代理,holdout,4,98,238,47.95918367346938,-0.409936803946348,0.7780598091608631,54.20168067226891,1.1909412333497782,描述条件后表现，不是完整策略收益或因果效应
