quarter,model,horizon,origins,close_mape,direction_accuracy
2023Q3,baseline_v1,1,9,3.5896712952485967,0.2222222222222222
2023Q3,baseline_v1,2,9,5.0850634901572915,0.3333333333333333
2023Q3,baseline_v1,3,9,6.773127332021593,0.2222222222222222
2023Q3,baseline_v1,4,9,9.002136940270892,0.2222222222222222
2023Q3,last_close,1,9,3.211288927209626,0.0
2023Q3,last_close,2,9,4.2568358709949905,0.0
2023Q3,last_close,3,9,5.208637134262697,0.0
2023Q3,last_close,4,9,6.754161526457474,0.0
2023Q3,note_analog,1,9,3.12775850469112,0.4444444444444444
2023Q3,note_analog,2,9,3.987625010769465,0.7777777777777778
2023Q3,note_analog,3,9,5.4289954926580934,0.5555555555555556
2023Q3,note_analog,4,9,8.557890500458203,0.1111111111111111
2023Q3,price_analog,1,9,3.1440061970666524,0.5555555555555556
2023Q3,price_analog,2,9,4.123435803678816,0.6666666666666666
2023Q3,price_analog,3,9,5.539168511208178,0.5555555555555556
2023Q3,price_analog,4,9,8.733466450195824,0.1111111111111111
2023Q4,baseline_v1,1,60,3.753949641480714,0.4
2023Q4,baseline_v1,2,60,6.0459735296839066,0.38333333333333336
2023Q4,baseline_v1,3,60,7.942087767632745,0.4
2023Q4,baseline_v1,4,60,9.449085713010058,0.43333333333333335
2023Q4,last_close,1,60,3.4684091378103648,0.016666666666666666
2023Q4,last_close,2,60,5.287194109297358,0.0
2023Q4,last_close,3,60,6.8072741857123855,0.0
2023Q4,last_close,4,60,8.011143098463672,0.0
2023Q4,note_analog,1,60,3.702221011868402,0.3333333333333333
2023Q4,note_analog,2,60,5.508249332231419,0.5
2023Q4,note_analog,3,60,6.824035544784053,0.5
2023Q4,note_analog,4,60,7.940195906357932,0.6166666666666667
2023Q4,price_analog,1,60,3.6693763319464194,0.4166666666666667
2023Q4,price_analog,2,60,5.58816804025438,0.48333333333333334
2023Q4,price_analog,3,60,6.870968398046725,0.5166666666666667
2023Q4,price_analog,4,60,8.142742205176779,0.48333333333333334
2024Q1,baseline_v1,1,58,4.444045301513609,0.41379310344827586
2024Q1,baseline_v1,2,58,6.7393961307687125,0.4482758620689655
2024Q1,baseline_v1,3,58,8.553091397272262,0.5
2024Q1,baseline_v1,4,58,10.13007663297697,0.4482758620689655
2024Q1,last_close,1,58,4.273484837626669,0.017241379310344827
2024Q1,last_close,2,58,6.2006248385794995,0.034482758620689655
2024Q1,last_close,3,58,7.886941794409203,0.017241379310344827
2024Q1,last_close,4,58,8.837946826568333,0.0
2024Q1,note_analog,1,58,4.154452233189696,0.5172413793103449
2024Q1,note_analog,2,58,6.3058829522755335,0.43103448275862066
2024Q1,note_analog,3,58,8.093395007015541,0.4827586206896552
2024Q1,note_analog,4,58,9.509155159584504,0.3448275862068966
2024Q1,price_analog,1,58,4.232957540824274,0.4827586206896552
2024Q1,price_analog,2,58,6.301078214880098,0.46551724137931033
2024Q1,price_analog,3,58,8.203969908384046,0.41379310344827586
2024Q1,price_analog,4,58,9.625645612104684,0.3275862068965517
2024Q2,baseline_v1,1,59,2.9687442492646676,0.4576271186440678
2024Q2,baseline_v1,2,59,4.913425908728849,0.4406779661016949
2024Q2,baseline_v1,3,59,6.21024978074092,0.4576271186440678
2024Q2,baseline_v1,4,59,7.0267866338672045,0.4745762711864407
2024Q2,last_close,1,59,2.774537718536034,0.01694915254237288
2024Q2,last_close,2,59,4.426602381487571,0.0
2024Q2,last_close,3,59,5.451115509555339,0.0
2024Q2,last_close,4,59,6.2581153533353575,0.0
2024Q2,note_analog,1,59,2.9873303908244035,0.3898305084745763
2024Q2,note_analog,2,59,4.688914436692235,0.423728813559322
2024Q2,note_analog,3,59,5.788588283497955,0.4067796610169492
2024Q2,note_analog,4,59,6.671383972060652,0.3898305084745763
2024Q2,price_analog,1,59,2.977005528721346,0.3559322033898305
2024Q2,price_analog,2,59,4.613405748319271,0.559322033898305
2024Q2,price_analog,3,59,5.777242670553698,0.4915254237288136
2024Q2,price_analog,4,59,6.654640436247444,0.4406779661016949
2024Q3,baseline_v1,1,64,2.943302111864559,0.390625
2024Q3,baseline_v1,2,64,4.856111826663327,0.34375
2024Q3,baseline_v1,3,64,6.387120864574438,0.34375
2024Q3,baseline_v1,4,64,7.803311161673004,0.328125
2024Q3,last_close,1,64,2.8606298763862577,0.03125
2024Q3,last_close,2,64,4.451225799688894,0.0
2024Q3,last_close,3,64,5.792622216769975,0.0
2024Q3,last_close,4,64,7.038445757590297,0.015625
2024Q3,note_analog,1,64,2.898522704018019,0.453125
2024Q3,note_analog,2,64,4.506646948049007,0.53125
2024Q3,note_analog,3,64,5.994430482057368,0.46875
2024Q3,note_analog,4,64,7.348626670734396,0.421875
2024Q3,price_analog,1,64,2.988799579430936,0.40625
2024Q3,price_analog,2,64,4.629597647275564,0.453125
2024Q3,price_analog,3,64,6.131880992848823,0.375
2024Q3,price_analog,4,64,7.53385372276868,0.375
2024Q4,baseline_v1,1,61,3.277060060139201,0.45901639344262296
2024Q4,baseline_v1,2,61,5.09434189295304,0.36065573770491804
2024Q4,baseline_v1,3,61,6.036209293428041,0.3770491803278688
2024Q4,baseline_v1,4,61,7.4117514718558875,0.39344262295081966
2024Q4,last_close,1,61,2.9834263282568467,0.01639344262295082
2024Q4,last_close,2,61,4.41253708191392,0.01639344262295082
2024Q4,last_close,3,61,4.532339373219756,0.03278688524590164
2024Q4,last_close,4,61,4.809840403834151,0.0
2024Q4,note_analog,1,61,2.9517070165171724,0.4918032786885246
2024Q4,note_analog,2,61,4.422678977026823,0.4918032786885246
2024Q4,note_analog,3,61,4.848566473675062,0.36065573770491804
2024Q4,note_analog,4,61,5.025649786576512,0.47540983606557374
2024Q4,price_analog,1,61,3.0476213100273637,0.5409836065573771
2024Q4,price_analog,2,61,4.618561506173623,0.4426229508196721
2024Q4,price_analog,3,61,4.772322470080445,0.4426229508196721
2024Q4,price_analog,4,61,5.166048189013307,0.45901639344262296
2025Q1,baseline_v1,1,57,3.583394816003903,0.42105263157894735
2025Q1,baseline_v1,2,57,5.688790542510202,0.47368421052631576
2025Q1,baseline_v1,3,57,7.47068114722242,0.49122807017543857
2025Q1,baseline_v1,4,57,9.14879201137519,0.5087719298245614
2025Q1,last_close,1,57,3.418491302464853,0.017543859649122806
2025Q1,last_close,2,57,5.337212047313273,0.05263157894736842
2025Q1,last_close,3,57,6.767486259791275,0.0
2025Q1,last_close,4,57,8.089355645490494,0.017543859649122806
2025Q1,note_analog,1,57,3.4159180036135735,0.45614035087719296
2025Q1,note_analog,2,57,5.431859103239262,0.47368421052631576
2025Q1,note_analog,3,57,6.905201802172844,0.5614035087719298
2025Q1,note_analog,4,57,8.379292305478607,0.3684210526315789
2025Q1,price_analog,1,57,3.501159527159216,0.5087719298245614
2025Q1,price_analog,2,57,5.612424267240647,0.40350877192982454
2025Q1,price_analog,3,57,7.021050447045165,0.47368421052631576
2025Q1,price_analog,4,57,8.230486873100022,0.5087719298245614
2025Q2,baseline_v1,1,60,3.4887205246083295,0.5833333333333334
2025Q2,baseline_v1,2,60,5.952569625207429,0.5333333333333333
2025Q2,baseline_v1,3,60,7.975549273961696,0.6166666666666667
2025Q2,baseline_v1,4,60,8.966482984957338,0.6333333333333333
2025Q2,last_close,1,60,3.321943177524911,0.016666666666666666
2025Q2,last_close,2,60,5.611016571681021,0.03333333333333333
2025Q2,last_close,3,60,7.410069995619524,0.03333333333333333
2025Q2,last_close,4,60,8.28102038352005,0.03333333333333333
2025Q2,note_analog,1,60,3.4436439472130407,0.48333333333333334
2025Q2,note_analog,2,60,5.870485074799611,0.45
2025Q2,note_analog,3,60,7.686901090165913,0.4
2025Q2,note_analog,4,60,8.643069837877041,0.3333333333333333
2025Q2,price_analog,1,60,3.376138034883545,0.45
2025Q2,price_analog,2,60,6.00841685203946,0.38333333333333336
2025Q2,price_analog,3,60,7.906477796903612,0.38333333333333336
2025Q2,price_analog,4,60,8.692015101413235,0.4
2025Q3,baseline_v1,1,66,4.439060306992168,0.48484848484848486
2025Q3,baseline_v1,2,66,6.299474943924932,0.5454545454545454
2025Q3,baseline_v1,3,66,8.112073556040869,0.6363636363636364
2025Q3,baseline_v1,4,66,9.482285257504245,0.6666666666666666
2025Q3,last_close,1,66,4.161802840017214,0.015151515151515152
2025Q3,last_close,2,66,5.847449102056421,0.015151515151515152
2025Q3,last_close,3,66,7.795883040478657,0.015151515151515152
2025Q3,last_close,4,66,9.505702353957847,0.015151515151515152
2025Q3,note_analog,1,66,4.213940875775652,0.45454545454545453
2025Q3,note_analog,2,66,6.028495036112429,0.3939393939393939
2025Q3,note_analog,3,66,7.635944684285642,0.4696969696969697
2025Q3,note_analog,4,66,8.978881356921784,0.6515151515151515
2025Q3,price_analog,1,66,4.20679254874481,0.4090909090909091
2025Q3,price_analog,2,66,6.129794097375569,0.3939393939393939
2025Q3,price_analog,3,66,7.6425139724060696,0.45454545454545453
2025Q3,price_analog,4,66,9.238740911583681,0.5454545454545454
2025Q4,baseline_v1,1,60,3.37741836311576,0.38333333333333336
2025Q4,baseline_v1,2,60,5.441171595456262,0.3333333333333333
2025Q4,baseline_v1,3,60,6.9739355727558765,0.3
2025Q4,baseline_v1,4,60,8.59555259370086,0.31666666666666665
2025Q4,last_close,1,60,3.151768308663495,0.0
2025Q4,last_close,2,60,4.910286067147394,0.016666666666666666
2025Q4,last_close,3,60,6.191085606467122,0.016666666666666666
2025Q4,last_close,4,60,7.31510735707929,0.0
2025Q4,note_analog,1,60,3.1299637988972155,0.45
2025Q4,note_analog,2,60,4.913600939006063,0.5333333333333333
2025Q4,note_analog,3,60,6.403607764488027,0.5333333333333333
2025Q4,note_analog,4,60,7.362631732043843,0.5166666666666667
2025Q4,price_analog,1,60,3.1530361657588872,0.5166666666666667
2025Q4,price_analog,2,60,4.814780781417829,0.5166666666666667
2025Q4,price_analog,3,60,6.263069004317787,0.5166666666666667
2025Q4,price_analog,4,60,7.098086093770848,0.5833333333333334
2026Q1,baseline_v1,1,56,3.4653833397701668,0.375
2026Q1,baseline_v1,2,56,4.451496827097313,0.4642857142857143
2026Q1,baseline_v1,3,56,4.929192342536349,0.42857142857142855
2026Q1,baseline_v1,4,56,6.098800211274351,0.32142857142857145
2026Q1,last_close,1,56,3.3705638708300056,0.03571428571428571
2026Q1,last_close,2,56,4.253269068031034,0.0
2026Q1,last_close,3,56,4.3678039145699215,0.0
2026Q1,last_close,4,56,5.090287135548963,0.03571428571428571
2026Q1,note_analog,1,56,3.54525544835143,0.48214285714285715
2026Q1,note_analog,2,56,4.2466359057971435,0.5
2026Q1,note_analog,3,56,4.586646745071944,0.4642857142857143
2026Q1,note_analog,4,56,5.462457900548295,0.5
2026Q1,price_analog,1,56,3.5427630712785017,0.5
2026Q1,price_analog,2,56,4.334769600029836,0.4642857142857143
2026Q1,price_analog,3,56,4.578764750258832,0.42857142857142855
2026Q1,price_analog,4,56,5.544389799881169,0.48214285714285715
2026Q2,baseline_v1,1,60,4.107751572759078,0.48333333333333334
2026Q2,baseline_v1,2,60,5.614233295160644,0.5833333333333334
2026Q2,baseline_v1,3,60,6.299737990182643,0.65
2026Q2,baseline_v1,4,60,7.422309468834892,0.6333333333333333
2026Q2,last_close,1,60,3.90762858558896,0.0
2026Q2,last_close,2,60,5.7267831138727425,0.016666666666666666
2026Q2,last_close,3,60,6.341653422986235,0.016666666666666666
2026Q2,last_close,4,60,7.294261252175384,0.0
2026Q2,note_analog,1,60,3.6264610358378193,0.5666666666666667
2026Q2,note_analog,2,60,5.555537733669525,0.5
2026Q2,note_analog,3,60,6.143645297628683,0.6
2026Q2,note_analog,4,60,7.462073216641604,0.5166666666666667
2026Q2,price_analog,1,60,3.6967689269462265,0.5
2026Q2,price_analog,2,60,5.696225665202639,0.5666666666666667
2026Q2,price_analog,3,60,6.242957910578853,0.6333333333333333
2026Q2,price_analog,4,60,7.510376047851864,0.45
2026Q3,baseline_v1,1,54,4.512086435827798,0.5
2026Q3,baseline_v1,2,53,5.8831709119699545,0.5094339622641509
2026Q3,baseline_v1,3,52,6.72734832054617,0.4807692307692308
2026Q3,baseline_v1,4,51,7.444402522811227,0.5294117647058824
2026Q3,last_close,1,54,4.352906705348482,0.0
2026Q3,last_close,2,53,5.6481485663900255,0.018867924528301886
2026Q3,last_close,3,52,6.426314200945352,0.0
2026Q3,last_close,4,51,6.904894234261643,0.0
2026Q3,note_analog,1,54,4.500575092978486,0.4444444444444444
2026Q3,note_analog,2,53,6.1881223209297165,0.41509433962264153
2026Q3,note_analog,3,52,6.652572877112155,0.46153846153846156
2026Q3,note_analog,4,51,7.144860470809359,0.5490196078431373
2026Q3,price_analog,1,54,4.568882546992689,0.4074074074074074
2026Q3,price_analog,2,53,6.3090811026283165,0.37735849056603776
2026Q3,price_analog,3,52,6.639745340532817,0.5
2026Q3,price_analog,4,51,6.783300769301857,0.6078431372549019
